{
	"format_version": "1.8.0",
	"animations": {
		"shoot": {
			"loop": true,
			"animation_length": 0.25,
			"bones": {
				"right_arm": {
					"rotation": [86, 0, -180],
					"position": [5.65, -1.55, 4.8]
				},
				"left_arm": {
					"rotation": [73.95054, -26.20116, -129.71317],
					"position": [-2.92613, -5.60697, -3.75283]
				},
				"gun_body": {
					"rotation": {
						"0.0": [-0.99255, 0.12186, 6.99894],
						"0.0833": [-1.59963, 0.02094, -0.80036],
						"0.2083": [0, 0, 0]
					},
					"position": {
						"0.0": [0, 0, 1.1],
						"0.2083": [0, 0, 0]
					}
				}
			}
		},
		"reload": {
			"animation_length": 2.6667,
			"bones": {
				"right_arm": {
					"rotation": {
						"0.0": [86, 0, -180],
						"1.1667": [86, 0, -180],
						"1.2917": [86, 0, -180],
						"1.75": [86, 0, -180],
						"1.7917": [86, 0, -180],
						"2.3333": [86, 0, -180]
					},
					"position": {
						"0.0": [5.65, -1.55, 4.8],
						"1.1667": [5.65, -1.55, 4.8],
						"1.2917": [5.65, -1.55, 4.8],
						"1.75": [5.65, -1.55, 4.8],
						"1.7917": [5.65, -1.55, 4.8],
						"2.3333": [5.65, -1.55, 4.8]
					}
				},
				"left_arm": {
					"rotation": {
						"0.0": {
							"post": [73.95054, -26.20116, -129.71317],
							"lerp_mode": "catmullrom"
						},
						"0.25": {
							"post": [73.95054, -26.20116, -129.71317],
							"lerp_mode": "catmullrom"
						},
						"0.3333": {
							"post": [77.46388, -24.93644, -130.19942],
							"lerp_mode": "catmullrom"
						},
						"0.4167": {
							"post": [77.72824, -35.99635, -127.35562],
							"lerp_mode": "catmullrom"
						},
						"1.1667": {
							"post": [77.73, -36, -127.36],
							"lerp_mode": "catmullrom"
						},
						"1.2917": {
							"post": [77.73, -36, -127.36],
							"lerp_mode": "catmullrom"
						},
						"1.75": {
							"post": [77.73, -36, -127.36],
							"lerp_mode": "catmullrom"
						},
						"1.7917": {
							"post": [77.73, -36, -127.36],
							"lerp_mode": "catmullrom"
						},
						"1.9167": {
							"post": [77.73, -36, -127.36],
							"lerp_mode": "catmullrom"
						},
						"2.1667": {
							"post": [73.95054, -26.20116, -129.71317],
							"lerp_mode": "catmullrom"
						},
						"2.2083": {
							"post": [73.95054, -26.20116, -129.71317],
							"lerp_mode": "catmullrom"
						},
						"2.625": {
							"post": [73.95054, -26.20116, -129.71317],
							"lerp_mode": "catmullrom"
						}
					},
					"position": {
						"0.0": {
							"post": [-2.92613, -5.60697, -3.75283],
							"lerp_mode": "catmullrom"
						},
						"0.25": {
							"post": [-2.92613, -5.60697, -3.75283],
							"lerp_mode": "catmullrom"
						},
						"0.4167": {
							"post": [-1.12568, -3.40065, 1.60894],
							"lerp_mode": "catmullrom"
						},
						"1.1667": {
							"post": [-1.13, -3.4, 1.61],
							"lerp_mode": "catmullrom"
						},
						"1.2917": {
							"post": [-1.13, -3.4, 1.61],
							"lerp_mode": "catmullrom"
						},
						"1.7083": {
							"post": [-1.13, -3.4, 1.61],
							"lerp_mode": "catmullrom"
						},
						"1.75": {
							"post": [-0.83, -3.44, 1.59],
							"lerp_mode": "catmullrom"
						},
						"1.7917": {
							"post": [-0.83, -3.44, 1.59],
							"lerp_mode": "catmullrom"
						},
						"1.9167": {
							"post": [-0.24148, -3.53247, 1.55545],
							"lerp_mode": "catmullrom"
						},
						"2.0417": {
							"post": [-0.15643, -5.18581, -1.16499],
							"lerp_mode": "catmullrom"
						},
						"2.1667": {
							"post": [-2.92613, -5.60697, -3.75283],
							"lerp_mode": "catmullrom"
						},
						"2.2083": {
							"post": [-2.92613, -5.60697, -3.75283],
							"lerp_mode": "catmullrom"
						},
						"2.3333": {
							"post": [-2.93, -5.61, -1.75],
							"lerp_mode": "catmullrom"
						},
						"2.4167": {
							"post": [-2.93, -5.61, -0.93],
							"lerp_mode": "catmullrom"
						},
						"2.5417": {
							"post": [-2.93, -5.61, -3.3],
							"lerp_mode": "catmullrom"
						},
						"2.625": {
							"post": [-2.92613, -5.60697, -3.75283],
							"lerp_mode": "catmullrom"
						}
					}
				},
				"gun_body": {
					"rotation": {
						"0.0": [0, 2, -3],
						"0.0833": {
							"pre": [0.29517, 0.02582, -10.27771],
							"post": [0.29517, 0.02582, -10.27771],
							"lerp_mode": "catmullrom"
						},
						"0.125": {
							"post": [0, 0, -7.5],
							"lerp_mode": "catmullrom"
						},
						"0.3333": {
							"post": [-4, 0, -7.5],
							"lerp_mode": "catmullrom"
						},
						"0.5": {
							"post": [-3.97028, -0.48709, -14.48312],
							"lerp_mode": "catmullrom"
						},
						"0.625": {
							"post": [-3.97028, -0.48709, -14.48312],
							"lerp_mode": "catmullrom"
						},
						"0.75": {
							"post": [-3.93264, -3.22796, 3.74799],
							"lerp_mode": "catmullrom"
						},
						"0.875": {
							"post": [-4.34294, -2.64978, 11.73763],
							"lerp_mode": "catmullrom"
						},
						"1.0": {
							"post": [-4.14791, -2.94602, 7.74385],
							"lerp_mode": "catmullrom"
						},
						"1.1667": {
							"post": [-4.15, -2.95, 7.74],
							"lerp_mode": "catmullrom"
						},
						"1.2917": {
							"post": [-4.15, -2.95, 7.74],
							"lerp_mode": "catmullrom"
						},
						"1.625": {
							"post": [-4.15, -2.95, 7.74],
							"lerp_mode": "catmullrom"
						},
						"1.75": {
							"post": [-3.17698, -3.97905, -8.25652],
							"lerp_mode": "catmullrom"
						},
						"1.7917": {
							"post": [-3.17698, -3.97905, -8.25652],
							"lerp_mode": "catmullrom"
						},
						"2.1667": {
							"post": [-1.87488, -1.30127, 2.67931],
							"lerp_mode": "catmullrom"
						},
						"2.2083": {
							"post": [-2.4027, -0.84883, 2.90418],
							"lerp_mode": "catmullrom"
						},
						"2.5417": {
							"post": [-2.4027, -0.84883, 2.90418],
							"lerp_mode": "catmullrom"
						},
						"2.6667": [0, 0, 0]
					},
					"position": {
						"0.0": [-0.3, 0, 0],
						"0.2083": [0, 0, 0],
						"0.3333": [0.07812, -0.59342, -0.04185],
						"0.4167": [0.08, -0.79, -0.44],
						"0.5": [-0.12, -0.79, -0.44],
						"0.625": [-0.12, -0.79, -0.44],
						"0.75": [0.38, -0.79, -0.44],
						"1.1667": [0.38, -0.79, -0.44],
						"1.2917": [0.38, -0.79, -0.44],
						"1.625": [0.38, -0.79, -0.44],
						"1.75": [0.31, -0.64, -0.36],
						"1.7917": [0.31, -0.64, -0.36],
						"1.9583": [0, 0, 0],
						"2.2083": [0, 0.4, 0],
						"2.3333": [0, 0.4, 0.5],
						"2.5417": [0, 0.4, -1.3],
						"2.6667": [0, 0, 0]
					}
				},
				"magazine": {
					"rotation": {
						"0.7083": [0, 0, 0],
						"0.7917": {
							"pre": [0, 0, 0],
							"post": [0, 0, 0],
							"lerp_mode": "catmullrom"
						},
						"0.9167": {
							"post": [0, -11, 17],
							"lerp_mode": "catmullrom"
						},
						"1.0": {
							"post": [30, -18, 17],
							"lerp_mode": "catmullrom"
						},
						"1.1667": {
							"post": [30, -18, 17],
							"lerp_mode": "catmullrom"
						},
						"1.2917": {
							"post": [30, -18, 17],
							"lerp_mode": "catmullrom"
						},
						"1.5": [0, 0, 24],
						"1.625": [0, 0, 2],
						"1.7083": [0, 0, 0],
						"1.75": [0, 0, 0],
						"1.7917": [0, 0, 0],
						"1.9167": [0, 0, 0]
					},
					"position": {
						"0.7083": [0, 0, 0],
						"0.7917": [2.67, -0.12, -0.1],
						"0.9167": {
							"pre": [5.8661, -0.76504, 1.6],
							"post": [5.8661, -0.76504, 1.6],
							"lerp_mode": "catmullrom"
						},
						"1.0": {
							"post": [8.83764, -4.54243, 13.56776],
							"lerp_mode": "catmullrom"
						},
						"1.1667": {
							"post": [8.84, -4.54, 13.57],
							"lerp_mode": "catmullrom"
						},
						"1.2917": {
							"post": [8.84, -4.54, 13.57],
							"lerp_mode": "catmullrom"
						},
						"1.4167": [8.27156, -4.24332, 4.2528],
						"1.5": [4.72124, -1.18761, 0],
						"1.625": [3.63003, -0.06293, 0],
						"1.7083": [0, 0, 0],
						"1.75": [0, 0, 0],
						"1.7917": [0, 0, 0],
						"1.9167": [0, 0, 0]
					}
				},
				"sliding_magazine": {
					"position": {
						"0.0": [-3.45, 0, 0],