{
	"format_version": "1.8.0",
	"animations": {
		"shoot": {
			"loop": true,
			"animation_length": 1.4167,
			"bones": {
				"right_arm": {
					"rotation": [90, 0, -180],
					"position": [5.65, -1.8, 6]
				},
				"left_arm": {
					"rotation": [73.95054, -26.20116, -129.71317],
					"position": [-3.5, -4.7, -2.85],
					"scale": 0
				},
				"gun_body": {
					"rotation": {
						"0.0": [-33.22614, 0.73511, 4.69557],
						"0.0417": [-10.66252, 1.19293, -8.35078],
						"0.0833": [-19.89919, 2.10604, -1.33629],
						"0.125": [-17.51117, 0.1285, -5.95678],
						"0.2083": [-14.99018, 0.8804, -3.57242],
						"0.2917": [-12.9193, 0.90646, -1.57274],
						"0.5": [2, 0, 4],
						"0.625": [-0.07155, -0.0241, -1.99856],
						"0.75": [-0.02704, -0.00839, 0.00054],
						"0.875": [0, 0, 0]
					},
					"position": {
						"0.0": [-0.04568, -0.17869, 1.36907],
						"0.0417": [-0.55, 0.07, 2.37],
						"0.0833": [-0.75, -0.13, 2.57],
						"0.125": [-0.85, -0.43, 2.77],
						"0.2083": [-0.85, -0.23, 2.37],
						"0.2917": [-0.85, -0.53, 2.37],
						"0.5": [0, -1.1, 0.5],
						"0.625": [0, -0.5, -0.1],
						"0.75": [0, -0.5, 0.1],
						"0.875": [0, 0, 0]
					}
				},
				"bolt": {
					"position": {
						"0.0": [0, 0, 2.6],
						"0.125": [0, 0, 0],
						"0.375": [0, 0, 0]
					}
				},
				"shell": {
					"scale": 0
				}
			}
		},
		"aim_shoot": {
			"loop": true,
			"animation_length": 0.875,
			"bones": {
				"right_arm": {
					"rotation": [90, 0, -180],
					"position": [5.65, -1.8, 6]
				},
				"left_arm": {
					"rotation": [73.95054, -26.20116, -129.71317],
					"position": [-3.5, -4.7, -2.85],
					"scale": 0
				},
				"gun_body": {
					"rotation": {
						"0.0": [-33.22614, 0.73511, 4.69557],
						"0.0417": [-10.66252, 1.19293, -8.35078],
						"0.0833": [-19.89919, 2.10604, -1.33629],
						"0.125": [-17.51117, 0.1285, -5.95678],
						"0.2083": [-14.99018, 0.8804, -3.57242],
						"0.2917": [-12.9193, 0.90646, -1.57274],
						"0.5": [2, 0, 4],
						"0.625": [-0.07155, -0.0241, -1.99856],
						"0.75": [-0.02704, -0.00839, 0.00054],
						"0.875": [0, 0, 0]
					},
					"position": {
						"0.0": [-0.04568, -0.17869, 1.36907],
						"0.0417": [-0.55, 0.07, 2.37],
						"0.0833": [-0.75, -0.13, 2.57],
						"0.125": [-0.85, -0.43, 2.77],
						"0.2083": [-0.85, -0.23, 2.37],
						"0.2917": [-0.85, -0.53, 2.37],
						"0.5": [0, -1.1, 0.5],
						"0.625": [0, -0.5, -0.1],
						"0.75": [0, -0.5, 0.1],
						"0.875": [0, 0, 0]
					}
				},
				"bolt": {
					"position": {
						"0.0": [0, 0, 2.6],
						"0.125": [0, 0, 0],
						"0.375": [0, 0, 0]
					}
				},
				"shell": {
					"scale": 0
				}
			}
		},
		"inspect": {
			"animation_length": 4.625,
			"bones": {
				"right_arm": {
					"rotation": [90, 0, -180],
					"position": [5.65, -1.8, 6]
				},
				"left_arm": {
					"rotation": [73.95054, -26.20116, -129.71317],
					"position": [-3.5, -4.7, -2.85],
					"scale": 0
				},
				"gun_body": {
					"rotation": {
						"0.0": [0, 0, 0],
						"0.0833": {
							"pre": [-2.5, 0, -5],
							"post": [-2.5, 0, -5],
							"lerp_mode": "catmullrom"
						},
						"0.1667": {
							"post": [-7.47864, -0.32621, -12.49294],
							"lerp_mode": "catmullrom"
						},
						"0.25": {
							"post": [-19.87314, -1.2969, -19.9307],
							"lerp_mode": "catmullrom"
						},
						"0.3333": {
							"post": [-20.01114, -1.32137, -21.92263],
							"lerp_mode": "catmullrom"
						},
						"0.4167": {
							"post": [-20.05087, -0.29358, -19.10387],
							"lerp_mode": "catmullrom"
						},
						"0.5": {
							"post": [-20.13961, -0.34129, -21.10006],
							"lerp_mode": "catmullrom"
						},
						"0.6667": {
							"post": [-20.12016, -0.35702, -19.64359],
							"lerp_mode": "catmullrom"
						},
						"0.9167": {
							"post": [-20.18918, -0.31605, -21.09822],
							"lerp_mode": "catmullrom"
						},
						"1.125": {
							"post": [-20.12013, -0.30421, -20.10105],
							"lerp_mode": "catmullrom"
						},
						"1.375": {
							"post": [-19.62013, -0.30421, -20.10105],
							"lerp_mode": "catmullrom"
						},
						"1.5833": {
							"post": [-19.45564, 5.40033, -11.50732],
							"lerp_mode": "catmullrom"
						},
						"1.7083": {
							"post": [-19.18413, 8.74651, -4.95155],
							"lerp_mode": "catmullrom"
						},
						"1.8333": {
							"post": [-13.53441, 21.41526, 20.89118],
							"lerp_mode": "catmullrom"
						},
						"1.9583": {
							"post": [-13.15756, 22.64686, 23.72199],
							"lerp_mode": "catmullrom"
						},
						"2.0833": {
							"post": [-13.13595, 22.65322, 24.22988],
							"lerp_mode": "catmullrom"
						},
						"2.1667": {
							"post": [-13.53975, 22.42253, 23.17639],
							"lerp_mode": "catmullrom"
						},
						"2.5417": {
							"post": [-13.49666, 22.43546, 24.19195],
							"lerp_mode": "catmullrom"
						},
						"2.6667": {
							"post": [-12.59303, 21.91271, 26.53963],
							"lerp_mode": "catmullrom"
						},
						"2.75": {
							"post": [-11.31399, 21.55584, 29.92208],
							"lerp_mode": "catmullrom"
						},
						"2.8333": {
							"post": [-9.37669, 22.01837, 31.55077],
							"lerp_mode": "catmullrom"
						},
						"2.9583": {
							"post": [-8.63439, 23.31914, 33.52179],
							"lerp_mode": "catmullrom"
						},
						"3.0833": {
							"post": [-9.47944, 23.00426, 31.37356],
							"lerp_mode": "catmullrom"
						},
						"3.25": {
							"post": [-9.89625, 22.83598, 30.30332],
							"lerp_mode": "catmullrom"
						},
						"3.4583": {
							"post": [-6.34703, 23.24315, 32.98379],
							"lerp_mode": "catmullrom"
						},
						"3.7083": [0, 0, 0],
						"3.8333": [0, 0, 0],
						"3.9583": [0, 0, 0],
						"4.0833": [0, 0, 0]
					},
					"position": {
						"0.0": [0, 0, 0],
						"0.0833": {
							"pre": [0, -0.75, -0.25],
							"post": [0, -0.75, -0.25],
							"lerp_mode": "catmullrom"
						},
						"0.1667": {
							"post": [-0.25, 0, -0.75],
							"lerp_mode": "catmullrom"
						},
						"0.25": {
							"post": [-0.5, 2, -0.5],
							"lerp_mode": "catmullrom"
						},
						"0.3333": {
							"post": [-0.75, 1.5, -0.5],
							"lerp_mode": "catmullrom"
						},
						"0.5": {
							"post": [-0.75, 1.2, -0.5],
							"lerp_mode": "catmullrom"
						},
						"0.6667": {
							"post": [-0.775, 1.4, -0.5],
							"lerp_mode": "catmullrom"
						},
						"0.9167": {
							"post": [-0.895, 1.3, -0.5],
							"lerp_mode": "catmullrom"
						},
						"1.25": {
							"post": [-0.99, 1.175, -0.5],
							"lerp_mode": "catmullrom"
						},
						"1.5833": {
							"post": [-0.59, 1.18, -0.5],
							"lerp_mode": "catmullrom"
						},
						"1.7083": {
							"post": [0.16, -0.07, -0.5],
							"lerp_mode": "catmullrom"
						},
						"1.8333": {
							"post": [0.91, -0.57, -0.5],
							"lerp_mode": "catmullrom"
						},
						"1.9583": {
							"post": [1.16, -0.32, -0.5],
							"lerp_mode": "catmullrom"
						},
						"2.0833": {
							"post": [1.06, -0.32, -0.7],
							"lerp_mode": "catmullrom"
						},
						"2.2083": {
							"post": [1.06, -0.32, -0.66],
							"lerp_mode": "catmullrom"
						},
						"2.5417": {
							"post": [1.085, -0.32, -0.7],
							"lerp_mode": "catmullrom"
						},
						"2.6667": {
							"post": [0.99, -0.22, -0.7],
							"lerp_mode": "catmullrom"
						},
						"2.8333": {
							"post": [0.99, -0.02, -0.7],
							"lerp_mode": "catmullrom"
						},
						"3.0833": {
							"post": [1.09, -0.12, -0.8],
							"lerp_mode": "catmullrom"
						},
						"3.4583": {
							"post": [0.79, -0.72, -1.3],
							"lerp_mode": "catmullrom"
						},
						"3.5833": {
							"post": [0.38, -1.15, -0.68],
							"lerp_mode": "catmullrom"
						},
						"3.7083": [0, 0, 0],
						"3.8333": [0, 0, 0],
						"3.9583": [0, 0, 0],
						"4.0833": [0, 0, 0]
					}
				},
				"shell": {
					"scale": 0
				}
			},
			"sound_effects": {
				"0.4583": {
					"effect": "rustle"
				},
				"1.5417": {
					"effect": "bolt_pull"
				},