{
	"format_version": "1.8.0",
	"animations": {
		"draw": {
			"animation_length": 0.75,
			"bones": {
				"right_arm": {
					"rotation": {
						"0.0": [76.21914, 31.2528, -187.25188],
						"0.75": [76.21914, 31.2528, -187.25188]
					},
					"position": {
						"0.0": [1.01514, 2.50507, 9.80434],
						"0.75": [1.01514, 2.50507, 9.80434]
					}
				},
				"left_arm": {
					"rotation": {
						"0.0": [106.49211, -13.5856, -177.29423],
						"0.75": [106.49211, -13.5856, -177.29423]
					},
					"position": {
						"0.0": [0.7728, -3.19006, 2.32454],
						"0.75": [0.7728, -3.19006, 2.32454]
					}
				},
				"gun_body": {
					"rotation": {
						"0.0417": {
							"pre": [15, 0, 0],
							"post": [15, 0, 0],
							"lerp_mode": "catmullrom"
						},
						"0.4167": {
							"post": [0, 0, 3.25],
							"lerp_mode": "catmullrom"
						},
						"0.5417": {
							"post": [-4.17656, 0.78436, -0.45974],
							"lerp_mode": "catmullrom"
						},
						"0.75": {
							"post": [0, 0, 0],
							"lerp_mode": "catmullrom"
						}
					},
					"position": {
						"0.0417": {
							"pre": [0, -7, 0],
							"post": [0, -7, 0],
							"lerp_mode": "catmullrom"
						},
						"0.4167": {
							"post": [0, 0, 0],
							"lerp_mode": "catmullrom"
						},
						"0.5417": {
							"post": [0, 0.5, 0],
							"lerp_mode": "catmullrom"
						},
						"0.75": {
							"post": [0, 0, 0],
							"lerp_mode": "catmullrom"
						}
					}
				}
			}
		},
		"aim_shoot": {
			"loop": true,
			"animation_length": 0.3333,
			"bones": {
				"right_arm": {
					"rotation": {
						"0.0": [76.21914, 31.2528, -187.25188],
						"0.3333": [76.21914, 31.2528, -187.25188]
					},
					"position": {
						"0.0": [1.01514, 2.50507, 9.80434],
						"0.3333": [1.01514, 2.50507, 9.80434]
					}
				},
				"left_arm": {
					"rotation": [106.49211, -13.5856, -177.29423],
					"position": [0.7728, -3.19006, 2.32454]
				},
				"gun_body": {
					"rotation": {
						"0.0": {
							"post": [-1.4967, -0.00637, 0.75118],
							"lerp_mode": "catmullrom"
						},
						"0.25": {
							"post": [0, 0, -2.5],
							"lerp_mode": "catmullrom"
						},
						"0.3333": {
							"post": [0, 0, 0],
							"lerp_mode": "catmullrom"
						}
					},
					"position": {
						"0.0": {
							"post": [0.02938, 0.26241, 0.54249],
							"lerp_mode": "catmullrom"
						},
						"0.25": {
							"post": [0, 0, 0],
							"lerp_mode": "catmullrom"
						},
						"0.3333": {
							"post": [0, 0, 0],
							"lerp_mode": "catmullrom"
						}
					}
				}
			}
		},
		"shoot": {
			"loop": true,
			"animation_length": 0.3333,
			"bones": {
				"right_arm": {
					"rotation": {
						"0.0": [76.21914, 31.2528, -187.25188],
						"0.3333": [76.21914, 31.2528, -187.25188]
					},
					"position": {
						"0.0": [1.01514, 2.50507, 9.80434],
						"0.3333": [1.01514, 2.50507, 9.80434]
					}
				},
				"left_arm": {
					"rotation": [106.49211, -13.5856, -177.29423],
					"position": [0.7728, -3.19006, 2.32454]
				},
				"gun_body": {
					"rotation": {
						"0.0": {
							"post": [-1.4967, -0.00637, 0.75118],
							"lerp_mode": "catmullrom"
						},
						"0.25": {
							"post": [0, 0, -2.5],
							"lerp_mode": "catmullrom"
						},
						"0.3333": {
							"post": [0, 0, 0],
							"lerp_mode": "catmullrom"
						}
					},
					"position": {
						"0.0": {
							"post": [0.02938, 0.26241, 0.54249],
							"lerp_mode": "catmullrom"
						},
						"0.25": {
							"post": [0, 0, 0],
							"lerp_mode": "catmullrom"
						},
						"0.3333": {
							"post": [0, 0, 0],
							"lerp_mode": "catmullrom"
						}
					}
				}
			}
		},
		"reload": {
			"animation_length": 3,
			"bones": {
				"gun_body": {
					"rotation": {
						"0.0": {
							"post": [0, 0, 0],
							"lerp_mode": "catmullrom"
						},
						"0.1667": {
							"post": [-20.00695, -5.54005, -7.50477],
							"lerp_mode": "catmullrom"
						},
						"0.25": {
							"post": [-16.18891, -2.18799, -8.51402],
							"lerp_mode": "catmullrom"
						},
						"0.4167": {
							"post": [-13.18891, -2.18799, -8.51402],
							"lerp_mode": "catmullrom"
						},
						"0.5": {
							"post": [-16.18891, -2.18799, -8.51402],
							"lerp_mode": "catmullrom"
						},
						"0.5833": {
							"post": [-13.18891, -2.18799, -8.51402],
							"lerp_mode": "catmullrom"
						},
						"0.6667": {
							"post": [-2.49859, -2.40307, -13.26296],
							"lerp_mode": "catmullrom"
						},
						"0.75": {
							"post": [3.35971, -2.5976, -10.0157],
							"lerp_mode": "catmullrom"
						},
						"0.8333": {
							"post": [3.27, -2.71, -8.02],
							"lerp_mode": "catmullrom"
						},
						"1.1667": {
							"post": [0.04407, -2.75546, -19.02939],
							"lerp_mode": "catmullrom"
						},
						"1.3333": {
							"post": [3.29407, -2.75546, -19.02939],
							"lerp_mode": "catmullrom"
						},
						"1.4167": {
							"post": [0.79407, -2.75546, -19.02939],
							"lerp_mode": "catmullrom"
						},
						"1.5833": {
							"post": [-3.74163, -2.70675, -18.28012],
							"lerp_mode": "catmullrom"
						},
						"1.75": {
							"post": [-9.38885, -2.49044, -15.03399],
							"lerp_mode": "catmullrom"
						},
						"1.8333": {
							"post": [-3.7997, -2.62454, -17.03148],
							"lerp_mode": "catmullrom"
						},
						"1.9167": {
							"post": [2.04796, -2.74503, -13.78014],
							"lerp_mode": "catmullrom"
						},
						"2.0833": {
							"post": [-1.01476, -2.07176, -2.49764],
							"lerp_mode": "catmullrom"
						},
						"2.4167": {
							"post": [-0.70687, -2.19592, -10.75244],
							"lerp_mode": "catmullrom"
						},
						"2.5833": {
							"post": [0, 0, 5.75],
							"lerp_mode": "catmullrom"
						},
						"2.75": {
							"post": [0, 0, 0],
							"lerp_mode": "catmullrom"
						},
						"3.0": {
							"post": [0, 0, 0],
							"lerp_mode": "catmullrom"
						}
					},
					"position": {
						"0.0": {
							"post": [0, 0, 0],
							"lerp_mode": "catmullrom"
						},
						"0.1667": {
							"post": [-1.08637, 2.63593, 4.79367],
							"lerp_mode": "catmullrom"
						},
						"0.25": {
							"post": [-0.9831, 1.97627, 4.59498],
							"lerp_mode": "catmullrom"
						},
						"0.4167": {
							"post": [-0.8387, 1.09052, 4.3791],
							"lerp_mode": "catmullrom"
						},
						"0.5": {
							"post": [-0.86954, 1.22341, 4.62765],
							"lerp_mode": "catmullrom"
						},
						"0.5833": {
							"post": [-0.8387, 1.09052, 4.3791],
							"lerp_mode": "catmullrom"
						},
						"0.6667": {
							"post": [-0.70531, 0.20114, 4.33781],
							"lerp_mode": "catmullrom"
						},
						"0.75": {
							"post": [-0.37591, -1.23384, 4.43],
							"lerp_mode": "catmullrom"
						},
						"0.8333": {
							"post": [-0.38, -1.23, 4.43],
							"lerp_mode": "catmullrom"
						},
						"0.9167": {
							"post": [-0.38, -1.23, 4.43],
							"lerp_mode": "catmullrom"
						},
						"1.0": {
							"post": [-0.4878, -0.44174, 4.43674],
							"lerp_mode": "catmullrom"
						},
						"1.1667": {
							"post": [-0.31884, -0.93632, 4.4404],
							"lerp_mode": "catmullrom"
						},
						"1.4167": {
							"post": [-0.31884, -0.93632, 4.4404],
							"lerp_mode": "catmullrom"
						},
						"1.5833": {
							"post": [-0.43491, -0.61017, 4.4626],
							"lerp_mode": "catmullrom"
						},
						"1.75": {
							"post": [-0.55315, -0.18223, 4.53594],
							"lerp_mode": "catmullrom"
						},
						"1.8333": {
							"post": [-0.52346, -0.1, 3.49373],
							"lerp_mode": "catmullrom"
						},
						"1.9167": {
							"post": [-0.322, -0.69294, 3.01186],
							"lerp_mode": "catmullrom"
						},
						"2.0833": {
							"post": [-0.39206, 0.12712, 2.34934],
							"lerp_mode": "catmullrom"
						},
						"2.4167": {
							"post": [-0.39207, 0.12712, 2.34934],
							"lerp_mode": "catmullrom"
						},
						"2.5833": {
							"post": [0, 0, 0.25],
							"lerp_mode": "catmullrom"
						},
						"2.75": {
							"post": [0, 0, 0],