{
	"format_version": "1.8.0",
	"animations": {
		"idle": {
			"loop": true,
			"bones": {
				"right_arm": {
					"rotation": [90, 0, -180],
					"position": [5.65, -2.2, 5.5]
				},
				"left_arm": {
					"rotation": [73.95054, -26.20116, -129.71317],
					"position": [-3.2, -5.5, -2.85]
				},
				"gun_body": {
					"rotation": [0, 0, 0],
					"position": [0, 0, 0]
				},
				"bolt": {
					"position": [0, 0, 0]
				},
				"seal": {
					"rotation": [0, 0, 0]
				}
			}
		},
		"shoot": {
			"loop": true,
			"animation_length": 0.4583,
			"bones": {
				"right_arm": {
					"rotation": {
						"0.0": [90, 0, -180],
						"0.3333": [90, 0, -180],
						"0.4583": [90, 0, -180]
					},
					"position": {
						"0.0": [5.65, -2.2, 5.5],
						"0.3333": [5.65, -2.2, 5.5],
						"0.4583": [5.65, -2.2, 5.5]
					}
				},
				"left_arm": {
					"rotation": [73.95054, -26.20116, -129.71317],
					"position": [-3.2, -5.5, -2.85]
				},
				"gun_body": {
					"rotation": {
						"0.0833": [-1, 0, 0],
						"0.3333": [0, 0, 0],
						"0.375": [0, 0, 0],
						"0.4583": [0, 0, 0]
					},
					"position": {
						"0.0833": [0, 0, 0.5],
						"0.25": [0, 0, 0],
						"0.3333": [0, 0, 0],
						"0.375": [0, 0, 0],
						"0.4583": [0, 0, 0]
					}
				},
				"bolt": {
					"position": {
						"0.0": [0, 0, 2.6],
						"0.0833": [0, 0, 2.6],
						"0.25": [0, 0, 0],
						"0.375": [0, 0, 0]
					}
				},
				"magazine": {
					"rotation": [0, 0, 0],
					"position": [0, 0, 0],
					"scale": 1
				},
				"magazine_2": {
					"rotation": [0, 0, 0],
					"position": [0, 0, 0],
					"scale": 0
				},
				"seal": {
					"rotation": {
						"0.0": [7.75, 0, 0],
						"0.4583": [0, 0, 0]
					}
				}
			},
			"particle_effects": {
				"0.0": {
					"effect": "eject_casing"
				}
			}
		},
		"aim_shoot": {
			"loop": true,
			"animation_length": 0.4583,
			"bones": {
				"right_arm": {
					"rotation": {
						"0.0": [90, 0, -180],
						"0.3333": [90, 0, -180],
						"0.4583": [90, 0, -180]
					},
					"position": {
						"0.0": [5.65, -2.2, 5.5],
						"0.3333": [5.65, -2.2, 5.5],
						"0.4583": [5.65, -2.2, 5.5]
					}
				},
				"left_arm": {
					"rotation": [73.95054, -26.20116, -129.71317],
					"position": [-3.2, -5.5, -2.85]
				},
				"gun_body": {
					"rotation": {
						"0.0833": [-1, 0, 0],
						"0.3333": [0, 0, 0],
						"0.375": [0, 0, 0],
						"0.4583": [0, 0, 0]
					},
					"position": {
						"0.0833": [0, 0, 0.5],
						"0.25": [0, 0, 0],
						"0.3333": [0, 0, 0],
						"0.375": [0, 0, 0],
						"0.4583": [0, 0, 0]
					}
				},
				"bolt": {
					"position": {
						"0.0": [0, 0, 2.6],
						"0.0833": [0, 0, 2.6],
						"0.25": [0, 0, 0],
						"0.375": [0, 0, 0]
					}
				},
				"magazine": {
					"rotation": [0, 0, 0],
					"position": [0, 0, 0],
					"scale": 1
				},
				"magazine_2": {
					"rotation": [0, 0, 0],
					"position": [0, 0, 0],
					"scale": 0
				},
				"seal": {
					"rotation": {
						"0.0": [7.75, 0, 0],
						"0.4583": [0, 0, 0]
					}
				}
			},
			"particle_effects": {
				"0.0": {
					"effect": "eject_casing"
				}
			}
		},
		"draw": {
			"animation_length": 0.625,
			"bones": {
				"right_arm": {
					"rotation": {
						"0.0": [90, 0, -180],
						"0.4583": [90, 0, -180],
						"0.625": [90, 0, -180]
					},
					"position": {
						"0.0": [5.65, -2.2, 5],
						"0.4583": [5.65, -2.2, 5.5],
						"0.625": [5.65, -2.2, 5.5]
					}
				},
				"left_arm": {
					"rotation": {
						"0.0417": [140.17567, -51.6326, -321.0655],
						"0.375": [73.95054, -26.20116, -129.71317],
						"0.625": [73.95054, -26.20116, -129.71317]
					},
					"position": {
						"0.0": [21.5, -9.03, -2.14],
						"0.0417": [21.5, -9.02963, -2.1441],
						"0.2083": [-1.95, -5.49, -2.72],
						"0.375": [-3.2, -5.5, -2.85],
						"0.625": [-3.2, -5.5, -2.85]
					}
				},
				"gun_body": {
					"rotation": {
						"0.0417": [15, 0, 0],
						"0.4583": [0, 0, 0],
						"0.5417": [-4.16957, 0.82074, 0.03898],
						"0.625": [0, 0, 0]
					},
					"position": {
						"0.0417": [0, -7, 0],
						"0.4583": [0, 0, 0],
						"0.5417": [0, 0.5, 0],
						"0.625": [0, 0, 0]
					}
				},
				"bolt": {
					"position": [0, 0, 0]
				}
			}
		},
		"inspect": {
			"animation_length": 5,
			"bones": {
				"right_arm": {
					"rotation": [90, 0, -180],
					"position": [5.65, -2.2, 5.5]
				},
				"left_arm": {
					"rotation": [73.95054, -26.20116, -129.71317],
					"position": [-3.2, -5.5, -2.85]
				},
				"gun_body": {
					"rotation": {
						"0.0": {
							"post": [0, 0, 0],
							"lerp_mode": "catmullrom"
						},
						"0.7143": {
							"post": [5.86714, -14.91167, -21.76848],
							"lerp_mode": "catmullrom"
						},
						"1.131": {
							"post": [6.62683, -15.855, -24.74466],
							"lerp_mode": "catmullrom"
						},
						"1.5476": {
							"post": [0.50496, -19.5397, -5.5267],
							"lerp_mode": "catmullrom"
						},
						"1.9643": {
							"post": [-9.66663, -15.21594, 35.97514],
							"lerp_mode": "catmullrom"
						},
						"2.619": {
							"post": [-39.66663, -15.21594, 35.97514],
							"lerp_mode": "catmullrom"
						},
						"2.9167": {
							"post": [-36.16663, -15.21594, 35.97514],
							"lerp_mode": "catmullrom"
						},
						"3.3929": {
							"post": [-9.66663, -15.21594, 35.97514],
							"lerp_mode": "catmullrom"
						},
						"5.0": {
							"post": [0, 0, 0],
							"lerp_mode": "catmullrom"
						}
					},
					"position": {
						"0.0": {
							"post": [0, 0, 0],
							"lerp_mode": "catmullrom"
						},
						"0.7143": {
							"post": [0.35833, 0, -1.24964],
							"lerp_mode": "catmullrom"
						},
						"1.131": {
							"post": [0.21095, -0.00439, -1.37188],
							"lerp_mode": "catmullrom"
						},
						"1.9643": {
							"post": [0.21, -0.475, -1.37],
							"lerp_mode": "catmullrom"
						},
						"2.619": {
							"post": [0.21, 1.75, -1.37],
							"lerp_mode": "catmullrom"
						},
						"2.9167": {
							"post": [0.21, 1.35, -1.37],
							"lerp_mode": "catmullrom"
						},
						"3.3929": {
							"post": [0.21, -0.475, -1.37],
							"lerp_mode": "catmullrom"
						},
						"5.0": {
							"post": [0, 0, 0],
							"lerp_mode": "catmullrom"
						}
					}
				}
			},
			"sound_effects": {
				"0.6548": {
					"effect": "gun_rustle"
				},
				"1.7857": {
					"effect": "lever"
				}
			}
		},
		"reload_start": {
			"animation_length": 0.7917,
			"bones": {
				"gun_body": {
					"rotation": {
						"0.0": {
							"post": [0, 0, 0],
							"lerp_mode": "catmullrom"
						},
						"0.0833": {
							"post": [-2.73536, 0.11564, -21.53362],
							"lerp_mode": "catmullrom"
						},
						"0.2083": {
							"post": [-1.72186, 2.65038, 29.44176],
							"lerp_mode": "catmullrom"
						},
						"0.25": {
							"post": [-1.48834, 3.03275, 38.36062],
							"lerp_mode": "catmullrom"
						},
						"0.3333": {
							"post": [-1.60458, 2.72296, 31.94346],
							"lerp_mode": "catmullrom"
						},
						"0.4167": {
							"post": [-2.48002, 2.67521, 24.2343],
							"lerp_mode": "catmullrom"
						},
						"0.7917": {
							"post": [-8.18116, 6.03189, 29.86122],
							"lerp_mode": "catmullrom"
						}
					},
					"position": {
						"0.0": {
							"post": [0, 0, 0],
							"lerp_mode": "catmullrom"
						},
						"0.0833": {
							"post": [-0.06, 0.04, 0.01],
							"lerp_mode": "catmullrom"
						},
						"0.7917": {
							"post": [-1.20338, 0.79012, 0.11487],
							"lerp_mode": "catmullrom"
						}
					}
				},
				"right_arm": {
					"rotation": {
						"0.0": {
							"post": [90, 0, -180],
							"lerp_mode": "catmullrom"
						},
						"0.7917": {
							"post": [90, 0, -180],
							"lerp_mode": "catmullrom"
						}
					},
					"position": {
						"0.0": {
							"post": [5.65, -2.2, 5.5],
							"lerp_mode": "catmullrom"
						},
						"0.7917": {
							"post": [5.65, -2.2, 5.5],
							"lerp_mode": "catmullrom"
						}
					}
				},