{
	"format_version": "1.8.0",
	"animations": {
		"shoot": {
			"loop": true,
			"animation_length": 0.4583,
			"bones": {
				"right_arm": {
					"rotation": [90, 0, -180],
					"position": [5.65, -2.2, 5.5]
				},
				"left_arm": {
					"rotation": {
						"0.0": {
							"post": [106.77229, -8.12236, -182.23564],
							"lerp_mode": "catmullrom"
						}
					},
					"position": {
						"0.0": {
							"post": [-2.40357, -3.58304, 3.30134],
							"lerp_mode": "catmullrom"
						}
					},
					"scale": [0.9, 1, 0.9]
				},
				"gun_body": {
					"rotation": {
						"0.0833": [-1, 0, 0],
						"0.3333": [0, 0, 0],
						"0.375": [0, 0, 0],
						"0.4583": [0, 0, 0]
					},
					"position": {
						"0.0833": [0, 0, 0.5],
						"0.25": [0, 0, 0],
						"0.3333": [0, 0, 0],
						"0.375": [0, 0, 0],
						"0.4583": [0, 0, 0]
					}
				},
				"bolt": {
					"position": {
						"0.0": [0, 0, 2.6],
						"0.0833": [0, 0, 2.6],
						"0.25": [0, 0, 0],
						"0.375": [0, 0, 0]
					}
				},
				"magazine": {
					"rotation": [0, 0, 0],
					"position": [0, 0, 0],
					"scale": 1
				},
				"seal": {
					"rotation": {
						"0.0": [7.75, 0, 0],
						"0.4583": [0, 0, 0]
					}
				}
			},
			"particle_effects": {
				"0.0": {
					"effect": "eject_casing"
				}
			}
		},
		"aim_shoot": {
			"loop": true,
			"animation_length": 0.4583,
			"bones": {
				"right_arm": {
					"rotation": {
						"0.0": [90, 0, -180],
						"0.3333": [90, 0, -180],
						"0.4583": [90, 0, -180]
					},
					"position": {
						"0.0": [5.65, -2.2, 5.5],
						"0.3333": [5.65, -2.2, 5.5],
						"0.4583": [5.65, -2.2, 5.5]
					}
				},
				"left_arm": {
					"rotation": {
						"0.0": {
							"post": [106.77229, -8.12236, -182.23564],
							"lerp_mode": "catmullrom"
						}
					},
					"position": {
						"0.0": {
							"post": [-2.40357, -3.58304, 3.30134],
							"lerp_mode": "catmullrom"
						}
					},
					"scale": [0.9, 1, 0.9]
				},
				"gun_body": {
					"rotation": {
						"0.0833": [-1, 0, 0],
						"0.3333": [0, 0, 0],
						"0.375": [0, 0, 0],
						"0.4583": [0, 0, 0]
					},
					"position": {
						"0.0833": [0, 0, 0.5],
						"0.25": [0, 0, 0],
						"0.3333": [0, 0, 0],
						"0.375": [0, 0, 0],
						"0.4583": [0, 0, 0]
					}
				},
				"bolt": {
					"position": {
						"0.0": [0, 0, 2.6],
						"0.0833": [0, 0, 2.6],
						"0.25": [0, 0, 0],
						"0.375": [0, 0, 0]
					}
				},
				"magazine": {
					"rotation": [0, 0, 0],
					"position": [0, 0, 0],
					"scale": 1
				},
				"seal": {
					"rotation": {
						"0.0": [7.75, 0, 0],
						"0.4583": [0, 0, 0]
					}
				}
			},
			"particle_effects": {
				"0.0": {
					"effect": "eject_casing"
				}
			}
		},
		"reload": {
			"animation_length": 2.0599,
			"bones": {
				"right_arm": {
					"rotation": {
						"0.0": {
							"post": [90, 0, -180],
							"lerp_mode": "catmullrom"
						},
						"2.0599": {
							"post": [90, 0, -180],
							"lerp_mode": "catmullrom"
						}
					},
					"position": {
						"0.0": {
							"post": [5.65, -2.2, 5.5],
							"lerp_mode": "catmullrom"
						},
						"2.0599": {
							"post": [5.65, -2.2, 5.5],
							"lerp_mode": "catmullrom"
						}
					}
				},
				"left_arm": {
					"rotation": {
						"0.0": {
							"post": [106.77229, -8.12236, -182.23564],
							"lerp_mode": "catmullrom"
						}
					},
					"position": {
						"0.0": {
							"post": [-2.40357, -3.58304, 3.30134],
							"lerp_mode": "catmullrom"
						}
					},
					"scale": [0.9, 1, 0.9]
				},
				"gun_body": {
					"rotation": {
						"0.0": {
							"post": [0, 0, 0],
							"lerp_mode": "catmullrom"
						},
						"0.1873": {
							"post": [0, 2, -7],
							"lerp_mode": "catmullrom"
						},
						"0.3277": {
							"post": [0, 2, -7],
							"lerp_mode": "catmullrom"
						},
						"0.4213": {
							"post": [0.35603, 1.96807, 3.25612],
							"lerp_mode": "catmullrom"
						},
						"0.515": {
							"post": [0.70883, 1.87022, 13.76157],
							"lerp_mode": "catmullrom"
						},
						"0.6086": {
							"post": [0.81375, 1.82703, 17.01298],
							"lerp_mode": "catmullrom"
						},
						"1.1236": {
							"post": [-0.10801, -2.24741, 5.75212],
							"lerp_mode": "catmullrom"
						},
						"1.4045": {
							"post": [-0.27434, -2.23322, 10.00535],
							"lerp_mode": "catmullrom"
						},
						"1.5449": {
							"post": [-0.09819, -2.24786, 5.50193],
							"lerp_mode": "catmullrom"
						},
						"1.6854": {
							"post": [0.35215, -2.22228, -6.00683],
							"lerp_mode": "catmullrom"
						},
						"1.779": {
							"post": [0, 0, -8],
							"lerp_mode": "catmullrom"
						},
						"2.0599": {
							"post": [0, 0, 0],
							"lerp_mode": "catmullrom"
						}
					},
					"position": {
						"0.0": {
							"post": [0, 0, 0],
							"lerp_mode": "catmullrom"
						},
						"0.1873": {
							"post": [-0.4, 0, 0],
							"lerp_mode": "catmullrom"
						},
						"0.3277": {
							"post": [-0.4, 0, 0],
							"lerp_mode": "catmullrom"
						},
						"0.4213": {
							"post": [0.375, 0, 0],
							"lerp_mode": "catmullrom"
						},
						"0.515": {
							"post": [0.555, 0, 0],
							"lerp_mode": "catmullrom"
						},
						"0.6086": {
							"post": [0.735, 0, 0.15],
							"lerp_mode": "catmullrom"
						},
						"1.1236": {
							"post": [0, 0, 0],
							"lerp_mode": "catmullrom"
						},
						"1.5449": {
							"post": [-0.2, 0, 0],
							"lerp_mode": "catmullrom"
						},
						"1.779": {
							"post": [-0.475, 0, 0],
							"lerp_mode": "catmullrom"
						},
						"2.0599": {
							"post": [0, 0, 0],
							"lerp_mode": "catmullrom"
						}
					}
				},
				"magazine": {
					"rotation": {
						"0.0": {
							"post": [0, 0, 0],
							"lerp_mode": "catmullrom"
						},
						"0.4213": {
							"post": [0, 0, 0],
							"lerp_mode": "catmullrom"
						},
						"0.515": {
							"post": [0, 0, 16],
							"lerp_mode": "catmullrom"
						},
						"0.7491": {
							"post": [-1.20607, -0.89679, 22.40651],
							"lerp_mode": "catmullrom"
						},
						"0.8895": {
							"post": [0, -18.75, 16],
							"lerp_mode": "catmullrom"
						},
						"1.1236": {
							"post": [0, -18.75, 16],
							"lerp_mode": "catmullrom"
						},
						"1.3109": {
							"post": [-1.20607, -0.89679, 22.40651],
							"lerp_mode": "catmullrom"
						},
						"1.4045": {
							"post": [0, 0, 16],
							"lerp_mode": "catmullrom"
						},
						"1.4981": {
							"post": [0, 0, 10.75],
							"lerp_mode": "catmullrom"
						},
						"1.6854": {
							"post": [0, 0, 0],
							"lerp_mode": "catmullrom"
						},
						"2.0599": {
							"post": [0, 0, 0],
							"lerp_mode": "catmullrom"
						}
					},
					"position": {
						"0.0": {
							"post": [0, 0, 0],
							"lerp_mode": "catmullrom"
						},
						"0.4213": {
							"post": [0, 0, 0],
							"lerp_mode": "catmullrom"
						},
						"0.4682": {
							"post": [2, 0, 0],
							"lerp_mode": "catmullrom"
						},
						"0.515": {
							"post": [2, 0, 0.75],
							"lerp_mode": "catmullrom"
						},
						"0.7491": {
							"post": [4.14, -2.44, 5.05],
							"lerp_mode": "catmullrom"
						},
						"0.8895": {
							"post": [5.75, -4.275, 7.3],
							"lerp_mode": "catmullrom"
						},
						"1.1236": {
							"post": [5.75, -4.275, 7.3],
							"lerp_mode": "catmullrom"
						},
						"1.3109": {
							"post": [4.14, -2.44, 5.05],
							"lerp_mode": "catmullrom"
						},
						"1.4045": {
							"post": [2, 0, 0.75],
							"lerp_mode": "catmullrom"
						},
						"1.4513": {
							"post": [2, -0.825, 0],
							"lerp_mode": "catmullrom"
						},
						"1.4981": {
							"post": [0, 0, 0],
							"lerp_mode": "catmullrom"
						},
						"1.6854": {
							"post": [0, 0, 0],
							"lerp_mode": "catmullrom"
						},
						"2.0599": {
							"post": [0, 0, 0],
							"lerp_mode": "catmullrom"
						}
					}
				}
			},
			"sound_effects": {
				"0.1404": {
					"effect": "reload_mag_out"
				},