{
	"format_version": "1.8.0",
	"animations": {
		"draw": {
			"animation_length": 0.75,
			"bones": {
				"right_arm": {
					"rotation": {
						"0.0": [76.21914, 31.2528, -187.25188],
						"0.25": [76.21914, 31.2528, -187.25188],
						"0.75": [76.21914, 31.2528, -187.25188]
					},
					"position": {
						"0.0": [3.4, -0.27607, 8.5299],
						"0.25": [2.07498, 1.42539, 8.29652],
						"0.75": [2.07498, 1.42539, 8.29652]
					}
				},
				"left_arm": {
					"rotation": {
						"0.0": [106.49211, -13.5856, -177.29423],
						"0.25": [107.88091, -26.01067, -181.36893],
						"0.75": [107.88091, -26.01067, -181.36893]
					},
					"position": {
						"0.0": [0.61411, -2.96941, 1.62552],
						"0.25": [-3.022, -1.56157, 0.9674],
						"0.75": [-3.022, -1.56157, 0.9674]
					}
				},
				"gun_body": {
					"rotation": {
						"0.0417": {
							"pre": [15, 0, 0],
							"post": [15, 0, 0],
							"lerp_mode": "catmullrom"
						},
						"0.4167": {
							"post": [0, 0, 3.25],
							"lerp_mode": "catmullrom"
						},
						"0.5417": {
							"post": [-4.17656, 0.78436, -0.45974],
							"lerp_mode": "catmullrom"
						},
						"0.75": {
							"post": [0, 0, 0],
							"lerp_mode": "catmullrom"
						}
					},
					"position": {
						"0.0417": {
							"pre": [0, -7, 0],
							"post": [0, -7, 0],
							"lerp_mode": "catmullrom"
						},
						"0.4167": {
							"post": [0, 0, 0],
							"lerp_mode": "catmullrom"
						},
						"0.5417": {
							"post": [0, 0.5, 0],
							"lerp_mode": "catmullrom"
						},
						"0.75": {
							"post": [0, 0, 0],
							"lerp_mode": "catmullrom"
						}
					}
				}
			}
		},
		"shoot": {
			"loop": true,
			"animation_length": 0.3333,
			"bones": {
				"right_arm": {
					"rotation": {
						"0.0": [76.21914, 31.2528, -187.25188],
						"0.3333": [76.21914, 31.2528, -187.25188]
					},
					"position": {
						"0.0": [2.07498, 1.42539, 8.29652],
						"0.3333": [2.07498, 1.42539, 8.29652]
					}
				},
				"left_arm": {
					"rotation": {
						"0.0": [107.88091, -26.01067, -181.36893],
						"0.3333": [107.88091, -26.01067, -181.36893]
					},
					"position": {
						"0.0": [-3.022, -1.56157, 0.9674],
						"0.3333": [-3.022, -1.56157, 0.9674]
					}
				},
				"gun_body": {
					"rotation": {
						"0.0": {
							"post": [-1.4967, -0.00637, 0.75118],
							"lerp_mode": "catmullrom"
						},
						"0.25": {
							"post": [0, 0, -2.5],
							"lerp_mode": "catmullrom"
						},
						"0.3333": {
							"post": [0, 0, 0],
							"lerp_mode": "catmullrom"
						}
					},
					"position": {
						"0.0": {
							"post": [0.02866, 0.22128, 2.11695],
							"lerp_mode": "catmullrom"
						},
						"0.25": {
							"post": [0, 0, 0],
							"lerp_mode": "catmullrom"
						},
						"0.3333": {
							"post": [0, 0, 0],
							"lerp_mode": "catmullrom"
						}
					}
				},
				"barrel": {
					"position": {
						"0.0": [0, 0, 1.5],
						"0.1667": [0, 0, 0]
					},
					"scale": {
						"0.0": [1, 1, 0.95],
						"0.1667": [1, 1, 1]
					}
				}
			}
		},
		"reload": {
			"animation_length": 2.75,
			"bones": {
				"gun_body": {
					"rotation": {
						"0.0": {
							"post": [0, 0, 0],
							"lerp_mode": "catmullrom"
						},
						"0.3333": {
							"post": [-5.86457, 1.16358, 0.44825],
							"lerp_mode": "catmullrom"
						},
						"0.75": {
							"post": [-5.86457, 1.16358, 0.44825],
							"lerp_mode": "catmullrom"
						},
						"0.9167": {
							"post": [-7.81795, 1.56088, 0.57095],
							"lerp_mode": "catmullrom"
						},
						"1.1667": {
							"post": [-7.81795, 1.56088, 0.57095],
							"lerp_mode": "catmullrom"
						},
						"1.3333": {
							"post": [-12.89179, 0.52674, 4.24615],
							"lerp_mode": "catmullrom"
						},
						"1.5": {
							"post": [-10.74727, 2.16408, 0.72948],
							"lerp_mode": "catmullrom"
						},
						"2.1667": {
							"post": [-10.75, 2.16, 0.73],
							"lerp_mode": "catmullrom"
						},
						"2.5": {
							"post": [6, 0, 7],
							"lerp_mode": "catmullrom"
						},
						"2.6667": {
							"post": [0, 0, 0],
							"lerp_mode": "catmullrom"
						}
					},
					"position": {
						"0.0": {
							"post": [0, 0, 0],
							"lerp_mode": "catmullrom"
						},
						"0.3333": {
							"post": [0, 0.24404, 0.54813],
							"lerp_mode": "catmullrom"
						},
						"0.75": {
							"post": [0, 0.24404, 0.54813],
							"lerp_mode": "catmullrom"
						},
						"0.9167": {
							"post": [0.00859, -0.33708, 1.07621],
							"lerp_mode": "catmullrom"
						},
						"1.1667": {
							"post": [0.00859, -0.33708, 1.07621],
							"lerp_mode": "catmullrom"
						},
						"1.3333": {
							"post": [-0.05317, -1.22915, 1.3889],
							"lerp_mode": "catmullrom"
						},
						"1.5": {
							"post": [0.21196, -1.12657, 1.65531],
							"lerp_mode": "catmullrom"
						},
						"1.8333": {
							"post": [0.43371, -1.99844, 2.297],
							"lerp_mode": "catmullrom"
						},
						"2.1667": {
							"post": [0.43, -2, 2.3],
							"lerp_mode": "catmullrom"
						},
						"2.5": {
							"post": [0, 0, 0],
							"lerp_mode": "catmullrom"
						},
						"2.6667": {
							"post": [0, 0, 0],
							"lerp_mode": "catmullrom"
						}
					}
				},
				"right_arm": {
					"rotation": {
						"0.0": {
							"post": [76.21914, 31.2528, -187.25188],
							"lerp_mode": "catmullrom"
						},
						"0.1667": {
							"post": [52.82067, 26.46703, -198.67722],
							"lerp_mode": "catmullrom"
						},
						"0.3333": {
							"post": [43.02606, 24.87543, -203.69178],
							"lerp_mode": "catmullrom"
						},
						"2.0": {
							"post": [43.03, 24.88, -203.69],
							"lerp_mode": "catmullrom"
						},
						"2.5": {
							"post": [76.21914, 31.2528, -187.25188],
							"lerp_mode": "catmullrom"
						},
						"2.6667": {
							"post": [76.21914, 31.2528, -187.25188],
							"lerp_mode": "catmullrom"
						}
					},
					"position": {
						"0.0": {
							"post": [2.07498, 1.42539, 8.29652],
							"lerp_mode": "catmullrom"
						},
						"0.1667": {
							"post": [2.07, 4.71005, 6.1902],
							"lerp_mode": "catmullrom"
						},
						"0.3333": {
							"post": [1.8012, 5.81002, 5.55149],
							"lerp_mode": "catmullrom"
						},
						"2.0": {
							"post": [1.8, 5.81, 5.55],
							"lerp_mode": "catmullrom"
						},
						"2.5": {
							"post": [2.07498, 1.42539, 8.29652],
							"lerp_mode": "catmullrom"
						},
						"2.6667": {
							"post": [2.07498, 1.42539, 8.29652],
							"lerp_mode": "catmullrom"
						}
					}
				},
				"left_arm": {
					"rotation": {
						"0.0": {
							"post": [107.88091, -26.01067, -181.36893],
							"lerp_mode": "catmullrom"
						},
						"0.1667": {
							"post": [69.73798, -21.81091, -165.40492],
							"lerp_mode": "catmullrom"
						},
						"0.3333": {
							"post": [34.67189, -3.07579, -160.94168],
							"lerp_mode": "catmullrom"
						},
						"0.5833": {
							"post": [34.67, -3.08, -160.94],
							"lerp_mode": "catmullrom"
						},
						"0.75": {
							"post": [62.57172, -17.22901, -165.37999],
							"lerp_mode": "catmullrom"
						},
						"1.0": {
							"post": [75.64092, -24.31393, -167.21361],
							"lerp_mode": "catmullrom"
						},
						"1.1667": {
							"post": [73.08488, -28.19035, -162.11611],
							"lerp_mode": "catmullrom"
						},
						"1.3333": {
							"post": [57.28902, -19.31521, -157.14871],
							"lerp_mode": "catmullrom"
						},
						"1.4167": {
							"post": [73.08488, -28.19035, -162.11611],
							"lerp_mode": "catmullrom"
						},
						"1.5833": {
							"post": [74.16373, -9.74516, -146.03966],
							"lerp_mode": "catmullrom"
						},
						"1.6667": {
							"post": [74.16373, -9.74516, -146.03966],
							"lerp_mode": "catmullrom"
						},
						"1.75": {
							"post": [57.67222, -38.5285, -170.73961],
							"lerp_mode": "catmullrom"
						},
						"2.0": {
							"post": [57.67, -38.53, -170.74],
							"lerp_mode": "catmullrom"
						},