{
	"format_version": "1.8.0",
	"animations": {
		"shoot": {
			"loop": true,
			"animation_length": 0.4583,
			"bones": {
				"right_arm": {
					"rotation": {
						"0.0": [90, 0, -180],
						"0.3333": [90, 0, -180],
						"0.4583": [90, 0, -180]
					},
					"position": {
						"0.0": [5.65, -2.2, 5.5],
						"0.3333": [5.65, -2.2, 5.5],
						"0.4583": [5.65, -2.2, 5.5]
					}
				},
				"left_arm": {
					"rotation": [73.95054, -26.20116, -129.71317],
					"position": [-3.2, -5, -2.85]
				},
				"gun_body": {
					"rotation": {
						"0.0833": [-1, 0, 0],
						"0.3333": [0, 0, 0],
						"0.375": [0, 0, 0],
						"0.4583": [0, 0, 0]
					},
					"position": {
						"0.0833": [0, 0, 0.5],
						"0.25": [0, 0, 0],
						"0.3333": [0, 0, 0],
						"0.375": [0, 0, 0],
						"0.4583": [0, 0, 0]
					}
				},
				"bolt": {
					"position": {
						"0.0": [0, 0, 2.6],
						"0.0833": [0, 0, 2.6],
						"0.25": [0, 0, 0],
						"0.375": [0, 0, 0]
					}
				},
				"magazine": {
					"rotation": [0, 0, 0],
					"position": [0, 0, 0],
					"scale": 1
				},
				"magazine_2": {
					"rotation": [0, 0, 0],
					"position": [0, 0, 0],
					"scale": 0
				},
				"seal": {
					"rotation": {
						"0.0": [7.75, 0, 0],
						"0.4583": [0, 0, 0]
					}
				}
			},
			"particle_effects": {
				"0.0": {
					"effect": "eject_casing"
				}
			}
		},
		"aim_shoot": {
			"loop": true,
			"animation_length": 0.4583,
			"bones": {
				"right_arm": {
					"rotation": {
						"0.0": [90, 0, -180],
						"0.3333": [90, 0, -180],
						"0.4583": [90, 0, -180]
					},
					"position": {
						"0.0": [5.65, -2.2, 5.5],
						"0.3333": [5.65, -2.2, 5.5],
						"0.4583": [5.65, -2.2, 5.5]
					}
				},
				"left_arm": {
					"rotation": [73.95054, -26.20116, -129.71317],
					"position": [-3.2, -5, -2.85]
				},
				"gun_body": {
					"rotation": {
						"0.0833": [-1, 0, 0],
						"0.3333": [0, 0, 0],
						"0.375": [0, 0, 0],
						"0.4583": [0, 0, 0]
					},
					"position": {
						"0.0833": [0, 0, 0.5],
						"0.25": [0, 0, 0],
						"0.3333": [0, 0, 0],
						"0.375": [0, 0, 0],
						"0.4583": [0, 0, 0]
					}
				},
				"bolt": {
					"position": {
						"0.0": [0, 0, 2.6],
						"0.0833": [0, 0, 2.6],
						"0.25": [0, 0, 0],
						"0.375": [0, 0, 0]
					}
				},
				"magazine": {
					"rotation": [0, 0, 0],
					"position": [0, 0, 0],
					"scale": 1
				},
				"magazine_2": {
					"rotation": [0, 0, 0],
					"position": [0, 0, 0],
					"scale": 0
				},
				"seal": {
					"rotation": {
						"0.0": [7.75, 0, 0],
						"0.4583": [0, 0, 0]
					}
				}
			},
			"particle_effects": {
				"0.0": {
					"effect": "eject_casing"
				}
			}
		},
		"reload": {
			"animation_length": 2.375,
			"bones": {
				"right_arm": {
					"rotation": {
						"0.0": {
							"post": [90, 0, -180],
							"lerp_mode": "catmullrom"
						},
						"2.1667": {
							"post": [90, 0, -180],
							"lerp_mode": "catmullrom"
						},
						"2.375": {
							"post": [90, 0, -180],
							"lerp_mode": "catmullrom"
						}
					},
					"position": {
						"0.0": {
							"post": [5.65, -2.2, 5.5],
							"lerp_mode": "catmullrom"
						},
						"2.1667": {
							"post": [5.65, -2.2, 5.5],
							"lerp_mode": "catmullrom"
						},
						"2.375": {
							"post": [5.65, -2.2, 5.5],
							"lerp_mode": "catmullrom"
						}
					}
				},
				"left_arm": {
					"rotation": {
						"0.0": {
							"post": [73.95054, -26.20116, -129.71317],
							"lerp_mode": "catmullrom"
						},
						"0.0417": {
							"post": [79.26692, -28.64204, -141.2239],
							"lerp_mode": "catmullrom"
						},
						"0.125": {
							"post": [86.1254, -29.07116, -146.62564],
							"lerp_mode": "catmullrom"
						},
						"0.1667": {
							"post": [86.1254, -29.07116, -146.62564],
							"lerp_mode": "catmullrom"
						},
						"0.2917": {
							"post": [89.35458, -29.33171, -153.61416],
							"lerp_mode": "catmullrom"
						},
						"0.375": {
							"post": [79.27, -28.64, -141.22],
							"lerp_mode": "catmullrom"
						},
						"0.4167": {
							"post": [50.92808, -22.41571, -161.90146],
							"lerp_mode": "catmullrom"
						},
						"0.4583": {
							"post": [49.27, -28.64, -141.22],
							"lerp_mode": "catmullrom"
						},
						"0.5417": {
							"post": [62.77, -28.64, -141.22],
							"lerp_mode": "catmullrom"
						},
						"0.625": {
							"post": [62.77, -28.64, -141.22],
							"lerp_mode": "catmullrom"
						},
						"0.7083": {
							"post": [94.62641, -27.73162, -175.0742],
							"lerp_mode": "catmullrom"
						},
						"0.7917": {
							"post": [99.87641, -27.73162, -175.0742],
							"lerp_mode": "catmullrom"
						},
						"0.9167": {
							"post": [103.64234, -24.65875, -176.05091],
							"lerp_mode": "catmullrom"
						},
						"1.0833": {
							"post": [115.60104, -19.62867, -175.07876],
							"lerp_mode": "catmullrom"
						},
						"1.25": {
							"post": [115.60104, -19.62867, -175.07876],
							"lerp_mode": "catmullrom"
						},
						"1.2917": {
							"post": [115.6, -19.63, -175.08],
							"lerp_mode": "catmullrom"
						},
						"1.5": {
							"post": [105.07918, -15.00725, -190.0366],
							"lerp_mode": "catmullrom"
						},
						"1.5417": {
							"post": [105.08, -15.01, -190.04],
							"lerp_mode": "catmullrom"
						},
						"1.625": {
							"post": [88.08, -15.01, -190.04],
							"lerp_mode": "catmullrom"
						},
						"1.6667": {
							"post": [88.08, -15.01, -190.04],
							"lerp_mode": "catmullrom"
						},
						"1.8333": {
							"post": [122.77061, -13.41769, -210.67348],
							"lerp_mode": "catmullrom"
						},
						"1.9167": {
							"post": [122.77061, -13.41769, -210.67348],
							"lerp_mode": "catmullrom"
						},
						"2.0": {
							"post": [99.49494, -19.52434, -174.63825],
							"lerp_mode": "catmullrom"
						},
						"2.1667": {
							"post": [73.95054, -26.20116, -129.71317],
							"lerp_mode": "catmullrom"
						},
						"2.375": [73.95054, -26.20116, -129.71317]
					},
					"position": {
						"0.0": [-3.2, -5, -2.85],
						"0.0417": {
							"pre": [-3.54358, -5.15417, -1.58338],
							"post": [-3.54358, -5.15417, -1.58338],
							"lerp_mode": "catmullrom"
						},
						"0.125": {
							"post": [-3.54358, -5.07917, -1.58338],
							"lerp_mode": "catmullrom"
						},
						"0.1667": {
							"post": [-3.54358, -5.30417, -1.58338],
							"lerp_mode": "catmullrom"
						},
						"0.375": {
							"post": [-3.54, -8.15, -0.68],
							"lerp_mode": "catmullrom"
						},
						"0.4167": {
							"post": [-2.955, -9.58211, 1.97407],
							"lerp_mode": "catmullrom"
						},
						"0.4583": {
							"post": [-3.54, -11.15, 3.07],
							"lerp_mode": "catmullrom"
						},
						"0.5417": {
							"post": [-3.37597, -10.79703, 2.89933],
							"lerp_mode": "catmullrom"
						},
						"0.625": {
							"post": [-3.37597, -10.79703, 2.89933],
							"lerp_mode": "catmullrom"
						},
						"0.7083": {
							"post": [-3.25529, -8.15172, -0.8006],
							"lerp_mode": "catmullrom"
						},
						"0.7917": {
							"post": [-3.34774, -8.37645, -0.93909],
							"lerp_mode": "catmullrom"
						},
						"0.9167": {
							"post": [-3.4551, -7.6127, -1.29435],
							"lerp_mode": "catmullrom"
						},
						"1.0833": {
							"post": [-3.92847, -7.85058, -2.29224],
							"lerp_mode": "catmullrom"
						},
						"1.25": {
							"post": [-3.81748, -7.40756, -2.08874],
							"lerp_mode": "catmullrom"
						},
						"1.2917": {
							"post": [-3.81746, -7.40758, -2.08872],
							"lerp_mode": "catmullrom"
						},
						"1.5": {
							"post": [-4.04614, -8.46966, -1.2655],
							"lerp_mode": "catmullrom"
						},
						"1.5417": {
							"post": [-4.05, -8.47, -1.27],
							"lerp_mode": "catmullrom"
						},
						"1.625": {
							"post": [-4.20747, -9.14972, -1.21355],
							"lerp_mode": "catmullrom"
						},
						"1.6667": {
							"post": [-4.20747, -9.14972, -1.21355],
							"lerp_mode": "catmullrom"
						},