{
	"format_version": "1.8.0",
	"animations": {
		"shoot": {
			"loop": true,
			"animation_length": 0.4583,
			"bones": {
				"right_arm": {
					"rotation": {
						"0.0": [90, 0, -180],
						"0.3333": [90, 0, -180],
						"0.4583": [90, 0, -180]
					},
					"position": {
						"0.0": [5.65, -2.2, 5.5],
						"0.3333": [5.65, -2.2, 5.5],
						"0.4583": [5.65, -2.2, 5.5]
					}
				},
				"left_arm": {
					"rotation": [73.95054, -26.20116, -129.71317],
					"position": [-3.2, -5.5, -0.85]
				},
				"gun_body": {
					"rotation": {
						"0.0833": [-1, 0, 0],
						"0.3333": [0, 0, 0],
						"0.375": [0, 0, 0],
						"0.4583": [0, 0, 0]
					},
					"position": {
						"0.0833": [0, 0, 0.5],
						"0.25": [0, 0, 0],
						"0.3333": [0, 0, 0],
						"0.375": [0, 0, 0],
						"0.4583": [0, 0, 0]
					}
				},
				"bolt": {
					"position": {
						"0.0": [0, 0, 2.6],
						"0.0833": [0, 0, 2.6],
						"0.25": [0, 0, 0],
						"0.375": [0, 0, 0]
					}
				},
				"magazine": {
					"rotation": [0, 0, 0],
					"position": [0, 0, 0],
					"scale": 1
				},
				"magazine_2": {
					"rotation": [0, 0, 0],
					"position": [0, 0, 0],
					"scale": 0
				},
				"seal": {
					"rotation": {
						"0.0": [7.75, 0, 0],
						"0.4583": [0, 0, 0]
					}
				}
			},
			"particle_effects": {
				"0.0": {
					"effect": "eject_casing"
				}
			}
		},
		"aim_shoot": {
			"loop": true,
			"animation_length": 0.4583,
			"bones": {
				"right_arm": {
					"rotation": {
						"0.0": [90, 0, -180],
						"0.3333": [90, 0, -180],
						"0.4583": [90, 0, -180]
					},
					"position": {
						"0.0": [5.65, -2.2, 5.5],
						"0.3333": [5.65, -2.2, 5.5],
						"0.4583": [5.65, -2.2, 5.5]
					}
				},
				"left_arm": {
					"rotation": [73.95054, -26.20116, -129.71317],
					"position": [-3.2, -5.5, -0.85]
				},
				"gun_body": {
					"rotation": {
						"0.0833": [-1, 0, 0],
						"0.3333": [0, 0, 0],
						"0.375": [0, 0, 0],
						"0.4583": [0, 0, 0]
					},
					"position": {
						"0.0833": [0, 0, 0.5],
						"0.25": [0, 0, 0],
						"0.3333": [0, 0, 0],
						"0.375": [0, 0, 0],
						"0.4583": [0, 0, 0]
					}
				},
				"bolt": {
					"position": {
						"0.0": [0, 0, 2.6],
						"0.0833": [0, 0, 2.6],
						"0.25": [0, 0, 0],
						"0.375": [0, 0, 0]
					}
				},
				"magazine": {
					"rotation": [0, 0, 0],
					"position": [0, 0, 0],
					"scale": 1
				},
				"magazine_2": {
					"rotation": [0, 0, 0],
					"position": [0, 0, 0],
					"scale": 0
				},
				"seal": {
					"rotation": {
						"0.0": [7.75, 0, 0],
						"0.4583": [0, 0, 0]
					}
				}
			},
			"particle_effects": {
				"0.0": {
					"effect": "eject_casing"
				}
			}
		},
		"reload": {
			"animation_length": 2.375,
			"bones": {
				"right_arm": {
					"rotation": {
						"0.0": {
							"post": [90, 0, -180],
							"lerp_mode": "catmullrom"
						},
						"2.1667": {
							"post": [90, 0, -180],
							"lerp_mode": "catmullrom"
						},
						"2.375": {
							"post": [90, 0, -180],
							"lerp_mode": "catmullrom"
						}
					},
					"position": {
						"0.0": {
							"post": [5.65, -2.2, 5.5],
							"lerp_mode": "catmullrom"
						},
						"2.1667": {
							"post": [5.65, -2.2, 5.5],
							"lerp_mode": "catmullrom"
						},
						"2.375": {
							"post": [5.65, -2.2, 5.5],
							"lerp_mode": "catmullrom"
						}
					}
				},
				"left_arm": {
					"rotation": {
						"0.0": [73.95054, -26.20116, -129.71317],
						"1.2083": {
							"pre": [73.95, -26.2, -129.71],
							"post": [73.95, -26.2, -129.71],
							"lerp_mode": "catmullrom"
						},
						"1.5": {
							"post": [73.95, -26.2, -129.71],
							"lerp_mode": "catmullrom"
						},
						"2.375": [73.95054, -26.20116, -129.71317]
					},
					"position": {
						"0.0": [-2.95, -5.5, -0.6],
						"1.2083": {
							"pre": [-2.95, -5.5, -0.6],
							"post": [-2.95, -5.5, -0.6],
							"lerp_mode": "catmullrom"
						},
						"1.3333": {
							"post": [-2.95, -5.2, -0.6],
							"lerp_mode": "catmullrom"
						},
						"1.5": {
							"post": [-2.95, -5.5, -0.6],
							"lerp_mode": "catmullrom"
						},
						"2.375": [-2.95, -5.5, -0.6]
					}
				},
				"gun_body": {
					"rotation": {
						"0.0": {
							"post": [0, 0, 0],
							"lerp_mode": "catmullrom"
						},
						"0.0833": {
							"post": [-5, 0, -12.5],
							"lerp_mode": "catmullrom"
						},
						"0.125": {
							"post": [-5.99, 0, -13.21],
							"lerp_mode": "catmullrom"
						},
						"0.1667": {
							"post": [-7.46312, 0, -12.89937],
							"lerp_mode": "catmullrom"
						},
						"0.2083": {
							"post": [-7.99757, -0.1601, -14.24266],
							"lerp_mode": "catmullrom"
						},
						"0.2917": {
							"post": [3.25, 0, -12.5],
							"lerp_mode": "catmullrom"
						},
						"0.5833": {
							"post": [0.74997, 0.00654, -12.99996],
							"lerp_mode": "catmullrom"
						},
						"0.6667": {
							"post": [4.25148, 0.00758, -13.03889],
							"lerp_mode": "catmullrom"
						},
						"0.9167": {
							"post": [0.62, 0.01, -13.03],
							"lerp_mode": "catmullrom"
						},
						"1.0": {
							"post": [3.63018, 0.01023, -13.02543],
							"lerp_mode": "catmullrom"
						},
						"1.0833": {
							"post": [-3.49661, -0.09667, -14.75691],
							"lerp_mode": "catmullrom"
						},
						"1.2083": {
							"post": [-8.23422, 0.5119, -9.53613],
							"lerp_mode": "catmullrom"
						},
						"1.2917": {
							"post": [-9.25, 0.01, -13],
							"lerp_mode": "catmullrom"
						},
						"1.5833": {
							"post": [1.75, 0.01, -13],
							"lerp_mode": "catmullrom"
						},
						"1.6667": {
							"post": [2.99103, 0.2322, -17.2442],
							"lerp_mode": "catmullrom"
						},
						"1.75": {
							"post": [3, 0.01, -13],
							"lerp_mode": "catmullrom"
						},
						"1.7917": {
							"post": [2.38, 0.01, -13],
							"lerp_mode": "catmullrom"
						},
						"1.8333": {
							"post": [-0.37, 0.01, -13],
							"lerp_mode": "catmullrom"
						},
						"1.9167": {
							"post": [0.5, 0.01, -13],
							"lerp_mode": "catmullrom"
						},
						"2.0417": {
							"post": [-8.18814, 1.01193, -6.07171],
							"lerp_mode": "catmullrom"
						},
						"2.1667": {
							"post": [2.74488, -0.16782, 3.49598],
							"lerp_mode": "catmullrom"
						},
						"2.25": {
							"post": [2.14285, -0.16619, 3.84637],
							"lerp_mode": "catmullrom"
						},
						"2.375": {
							"post": [0, 0, 0],
							"lerp_mode": "catmullrom"
						}
					},
					"position": {
						"0.0": {
							"post": [0, 0, 0],
							"lerp_mode": "catmullrom"
						},
						"0.0833": {
							"post": [-0.5, 1.75, 0],
							"lerp_mode": "catmullrom"
						},
						"0.125": {
							"post": [-0.53, 1.89, 0],
							"lerp_mode": "catmullrom"
						},
						"0.1667": {
							"post": [-0.52, 1.945, 0],
							"lerp_mode": "catmullrom"
						},
						"0.2083": {
							"post": [-0.5, 2.175, 0],
							"lerp_mode": "catmullrom"
						},
						"0.2917": {
							"post": [-0.5, 1.1, 0],
							"lerp_mode": "catmullrom"
						},
						"0.5833": {
							"post": [-0.675, 1.1, 0],
							"lerp_mode": "catmullrom"
						},
						"0.6667": {
							"post": [-0.69, 0.7, 0],
							"lerp_mode": "catmullrom"
						},
						"0.9167": {
							"post": [-0.68, 1.1, 0],
							"lerp_mode": "catmullrom"
						},
						"1.0": {
							"post": [-0.68, 1.025, 0],
							"lerp_mode": "catmullrom"
						},
						"1.2083": {
							"post": [-0.67, 1.75, 0.2],
							"lerp_mode": "catmullrom"
						},
						"1.2917": {
							"post": [-0.68665, 1.82213, 0.21206],
							"lerp_mode": "catmullrom"
						},
						"1.5833": {
							"post": [-0.82, 0.53, 0.2],
							"lerp_mode": "catmullrom"
						},
						"1.6667": {
							"post": [-0.73014, 0.14079, 0.22093],
							"lerp_mode": "catmullrom"
						},
						"1.75": {
							"post": [-0.73014, 0.14079, 0.22093],
							"lerp_mode": "catmullrom"
						},
						"1.7917": {
							"post": [-0.82, 0.54, 0.2],
							"lerp_mode": "catmullrom"
						},