{
	"format_version": "1.8.0",
	"animations": {
		"shoot": {
			"loop": true,
			"animation_length": 0.2917,
			"bones": {
				"right_arm": {
					"rotation": {
						"0.0": {
							"post": [91.3898, 0, -180],
							"lerp_mode": "catmullrom"
						}
					},
					"position": [5.81257, -2.6287, 1.03646]
				},
				"left_arm": {
					"rotation": {
						"0.0": [73.95054, -26.20116, -129.71317],
						"0.2917": [73.95054, -26.20116, -129.71317]
					},
					"position": {
						"0.0": [-2.57463, -5.90305, -3.8227],
						"0.2917": [-2.57463, -5.90305, -3.8227]
					},
					"scale": {
						"0.0": [0, 0, 0],
						"0.2917": [0, 0, 0]
					}
				},
				"gun_body": {
					"rotation": {
						"0.0": [-8, 0, 13],
						"0.1667": [1.64445, -0.4714, 2.39618],
						"0.2917": [0, 0, 0]
					},
					"position": {
						"0.0": [-0.03131, 0.56439, 1.79027],
						"0.1667": [0, 0.29, -0.07],
						"0.2917": [0, 0, 0]
					}
				}
			}
		},
		"aim_shoot": {
			"loop": true,
			"animation_length": 0.2917,
			"bones": {
				"right_arm": {
					"rotation": {
						"0.0": {
							"post": [91.3898, 0, -180],
							"lerp_mode": "catmullrom"
						}
					},
					"position": [5.81257, -2.6287, 1.03646]
				},
				"left_arm": {
					"rotation": {
						"0.0": [73.95054, -26.20116, -129.71317],
						"0.2917": [73.95054, -26.20116, -129.71317]
					},
					"position": {
						"0.0": [-2.57463, -5.90305, -3.8227],
						"0.2917": [-2.57463, -5.90305, -3.8227]
					},
					"scale": {
						"0.0": [0, 0, 0],
						"0.2917": [0, 0, 0]
					}
				},
				"gun_body": {
					"rotation": {
						"0.0": [-8, 0, 13],
						"0.1667": [1.64445, -0.4714, 2.39618],
						"0.2917": [0, 0, 0]
					},
					"position": {
						"0.0": [-0.03131, 0.56439, 1.79027],
						"0.1667": [0, 0.29, -0.07],
						"0.2917": [0, 0, 0]
					}
				}
			}
		},
		"inspect": {
			"animation_length": 4.5417,
			"bones": {
				"right_arm": {
					"rotation": {
						"0.0": {
							"post": [91.3898, 0, -180],
							"lerp_mode": "catmullrom"
						}
					},
					"position": [5.81257, -2.6287, 1.03646]
				},
				"left_arm": {
					"scale": {
						"0.0": [0, 0, 0],
						"4.5417": [0, 0, 0]
					}
				},
				"gun_body": {
					"rotation": {
						"0.0": {
							"post": [0, 0, 0],
							"lerp_mode": "catmullrom"
						},
						"0.5": {
							"post": [2.42, -41.61, -5.16],
							"lerp_mode": "catmullrom"
						},
						"0.625": {
							"post": [3.17831, -52.21677, -6.48009],
							"lerp_mode": "catmullrom"
						},
						"1.1667": {
							"post": [3.17831, -52.21677, -6.48009],
							"lerp_mode": "catmullrom"
						},
						"1.5": {
							"post": [8.14, -51.4, -13.57],
							"lerp_mode": "catmullrom"
						},
						"1.625": {
							"post": [7.14, -51.4, -13.57],
							"lerp_mode": "catmullrom"
						},
						"1.8333": {
							"post": [8.14, -51.4, -13.57],
							"lerp_mode": "catmullrom"
						},
						"2.0": {
							"post": [7.14, -51.4, -13.57],
							"lerp_mode": "catmullrom"
						},
						"2.1667": {
							"post": [7.86853, -50.23886, -23.73463],
							"lerp_mode": "catmullrom"
						},
						"2.375": {
							"post": [9.33, -53.69, -29.78],
							"lerp_mode": "catmullrom"
						},
						"2.7917": {
							"post": [10.05608, -56.64725, -30.66426],
							"lerp_mode": "catmullrom"
						},
						"3.0": {
							"post": [10.84863, -55.65597, -30.41558],
							"lerp_mode": "catmullrom"
						},
						"3.625": {
							"post": [-21.12501, 5.73576, 81.94093],
							"lerp_mode": "catmullrom"
						},
						"3.9583": {
							"post": [-21.23669, 4.0807, 80.43188],
							"lerp_mode": "catmullrom"
						},
						"4.0417": {
							"post": [-21.06, 3.49, 81.02],
							"lerp_mode": "catmullrom"
						},
						"4.375": {
							"post": [0, 0, -8],
							"lerp_mode": "catmullrom"
						},
						"4.5417": {
							"post": [0, 0, 0],
							"lerp_mode": "catmullrom"
						}
					},
					"position": {
						"0.0": {
							"post": [0, 0, 0],
							"lerp_mode": "catmullrom"
						},
						"0.625": {
							"post": [5, 0, -1],
							"lerp_mode": "catmullrom"
						},
						"1.1667": {
							"post": [5, 0, -1],
							"lerp_mode": "catmullrom"
						},
						"1.5": {
							"post": [4.9, 0.42, -0.98],
							"lerp_mode": "catmullrom"
						},
						"1.625": {
							"post": [4.9, 0.42, -0.98],
							"lerp_mode": "catmullrom"
						},
						"1.8333": {
							"post": [4.9, 0.42, -0.98],
							"lerp_mode": "catmullrom"
						},
						"2.0": {
							"post": [4.9, 0.42, -0.98],
							"lerp_mode": "catmullrom"
						},
						"2.1667": {
							"post": [4.81, 1, -0.96],
							"lerp_mode": "catmullrom"
						},
						"2.375": {
							"post": [5.14, 0.92, -0.03],
							"lerp_mode": "catmullrom"
						},
						"2.7917": {
							"post": [5.14, 0.92, -0.03],
							"lerp_mode": "catmullrom"
						},
						"3.0": {
							"post": [5.14, 0.52, -0.03],
							"lerp_mode": "catmullrom"
						},
						"3.625": {
							"post": [1, 0, -1],
							"lerp_mode": "catmullrom"
						},
						"3.6667": {
							"post": [1, 0, -1],
							"lerp_mode": "catmullrom"
						},
						"3.9583": {
							"post": [1, -0.2, -1],
							"lerp_mode": "catmullrom"
						},
						"4.0417": {
							"post": [1, -0.16, -1],
							"lerp_mode": "catmullrom"
						},
						"4.375": {
							"post": [0, 0, 0],
							"lerp_mode": "catmullrom"
						},
						"4.5417": {
							"post": [0, 0, 0],
							"lerp_mode": "catmullrom"
						}
					}
				},
				"no_sights": {
					"rotation": {
						"0.0": {
							"post": [0, 0, 0],
							"lerp_mode": "catmullrom"
						},
						"2.0833": {
							"post": [-2.5, 0, 0],
							"lerp_mode": "catmullrom"
						},
						"4.0417": {
							"post": [-2.68, 0, 0],
							"lerp_mode": "catmullrom"
						},
						"4.5417": {
							"post": [0, 0, 0],
							"lerp_mode": "catmullrom"
						}
					}
				}
			},
			"sound_effects": {
				"0.5417": {
					"effect": "gun_rustle"
				},
				"3.0417": {
					"effect": "bolt_pull"
				},
				"3.875": {
					"effect": "bolt"
				}
			}
		},
		"draw": {
			"animation_length": 0.625,
			"bones": {
				"right_arm": {
					"rotation": {
						"0.0": {
							"post": [91.3898, 0, -180],
							"lerp_mode": "catmullrom"
						}
					},
					"position": [5.81257, -2.6287, 1.03646]
				},
				"left_arm": {
					"rotation": {
						"0.0": {
							"post": [73.95054, -26.20116, -129.71317],
							"lerp_mode": "catmullrom"
						}
					},
					"position": {
						"0.0": {
							"post": [-2.7, -4.85, -4.85],
							"lerp_mode": "catmullrom"
						}
					},
					"scale": {
						"0.0": {
							"post": [0, 0, 0],
							"lerp_mode": "catmullrom"
						}
					}
				},
				"gun_body": {
					"rotation": {
						"0.0": {
							"post": [7.5, -42.5, 45],
							"lerp_mode": "catmullrom"
						},
						"0.4167": {
							"post": [7.7803, -12.49044, 14.02391],
							"lerp_mode": "catmullrom"
						},
						"0.5417": {
							"post": [0, 0, -2.25],
							"lerp_mode": "catmullrom"
						},
						"0.5833": {
							"post": [0, 0, -3.12],
							"lerp_mode": "catmullrom"
						},
						"0.625": {
							"post": [0, 0, 0],
							"lerp_mode": "catmullrom"
						}
					},
					"position": {
						"0.0": {
							"post": [10, -9, 1],
							"lerp_mode": "catmullrom"
						},
						"0.2083": {
							"post": [6.25, -3.87, -2.65],
							"lerp_mode": "catmullrom"
						},
						"0.3333": {
							"post": [4, -1.5, -3.3],
							"lerp_mode": "catmullrom"
						},
						"0.5417": {
							"post": [0, 0, 0.5],
							"lerp_mode": "catmullrom"
						},
						"0.625": {
							"post": [0, 0, 0],
							"lerp_mode": "catmullrom"
						}
					}
				}
			}
		},
		"idle": {
			"loop": true,
			"bones": {
				"right_arm": {
					"rotation": {
						"0.0": {
							"post": [91.3898, 0, -180],
							"lerp_mode": "catmullrom"
						}
					},
					"position": [5.81257, -2.6287, 1.03646]
				},
				"left_arm": {
					"rotation": [73.95054, -26.20116, -129.71317],