{
	"format_version": "1.8.0",
	"animations": {
		"draw": {
			"animation_length": 0.75,
			"bones": {
				"right_arm": {
					"rotation": {
						"0.0": [76.21914, 31.2528, -187.25188],
						"0.25": [76.21914, 31.2528, -187.25188],
						"0.75": [76.21914, 31.2528, -187.25188]
					},
					"position": {
						"0.0": [3.4, -0.27607, 8.5299],
						"0.25": [2.07498, 1.42539, 8.29652],
						"0.75": [2.07498, 1.42539, 8.29652]
					}
				},
				"left_arm": {
					"rotation": {
						"0.0": [106.49211, -13.5856, -177.29423],
						"0.25": [107.88091, -26.01067, -181.36893],
						"0.75": [107.88091, -26.01067, -181.36893]
					},
					"position": {
						"0.0": [0.61411, -2.96941, 1.62552],
						"0.25": [-3.44899, -2.36253, 1.19354],
						"0.75": [-3.44899, -2.36253, 1.19354]
					}
				},
				"gun_body": {
					"rotation": {
						"0.0417": {
							"pre": [15, 0, 0],
							"post": [15, 0, 0],
							"lerp_mode": "catmullrom"
						},
						"0.4167": {
							"post": [0, 0, 3.25],
							"lerp_mode": "catmullrom"
						},
						"0.5417": {
							"post": [-4.17656, 0.78436, -0.45974],
							"lerp_mode": "catmullrom"
						},
						"0.75": {
							"post": [0, 0, 0],
							"lerp_mode": "catmullrom"
						}
					},
					"position": {
						"0.0417": {
							"pre": [0, -7, 0],
							"post": [0, -7, 0],
							"lerp_mode": "catmullrom"
						},
						"0.4167": {
							"post": [0, 0, 0],
							"lerp_mode": "catmullrom"
						},
						"0.5417": {
							"post": [0, 0.5, 0],
							"lerp_mode": "catmullrom"
						},
						"0.75": {
							"post": [0, 0, 0],
							"lerp_mode": "catmullrom"
						}
					}
				}
			}
		},
		"shoot": {
			"loop": true,
			"animation_length": 0.3333,
			"bones": {
				"right_arm": {
					"rotation": {
						"0.0": [76.21914, 31.2528, -187.25188],
						"0.3333": [76.21914, 31.2528, -187.25188]
					},
					"position": {
						"0.0": [2.07498, 1.42539, 8.29652],
						"0.3333": [2.07498, 1.42539, 8.29652]
					}
				},
				"left_arm": {
					"rotation": {
						"0.0": [107.88091, -26.01067, -181.36893],
						"0.3333": [107.88091, -26.01067, -181.36893]
					},
					"position": {
						"0.0": [-3.44899, -2.36253, 1.19354],
						"0.3333": [-3.44899, -2.36253, 1.19354]
					}
				},
				"gun_body": {
					"rotation": {
						"0.0": {
							"post": [-6.23961, 0.19049, 6.24711],
							"lerp_mode": "catmullrom"
						},
						"0.25": {
							"post": [0, 0, -2.5],
							"lerp_mode": "catmullrom"
						},
						"0.3333": {
							"post": [0, 0, 0],
							"lerp_mode": "catmullrom"
						}
					},
					"position": {
						"0.0": {
							"post": [0.05008, 0.42152, 1.82811],
							"lerp_mode": "catmullrom"
						},
						"0.25": {
							"post": [0, 0, 0],
							"lerp_mode": "catmullrom"
						},
						"0.3333": {
							"post": [0, 0, 0],
							"lerp_mode": "catmullrom"
						}
					}
				},
				"barrel": {
					"position": {
						"0.0": {
							"post": [0, 0, 1.3],
							"lerp_mode": "catmullrom"
						},
						"0.1667": {
							"post": [0, 0, 0],
							"lerp_mode": "catmullrom"
						},
						"0.3333": {
							"post": [0, 0, 0],
							"lerp_mode": "catmullrom"
						}
					}
				}
			}
		},
		"reload": {
			"animation_length": 3.9167,
			"bones": {
				"gun_body": {
					"rotation": {
						"0.0": {
							"post": [0, 0, 0],
							"lerp_mode": "catmullrom"
						},
						"0.1667": {
							"post": [-20.00695, -5.54005, -7.50477],
							"lerp_mode": "catmullrom"
						},
						"0.3333": {
							"post": [-16.18891, -2.18799, -8.51402],
							"lerp_mode": "catmullrom"
						},
						"0.5833": {
							"post": [-13.18891, -2.18799, -8.51402],
							"lerp_mode": "catmullrom"
						},
						"0.6667": {
							"post": [-16.18891, -2.18799, -8.51402],
							"lerp_mode": "catmullrom"
						},
						"0.75": {
							"post": [-13.18891, -2.18799, -8.51402],
							"lerp_mode": "catmullrom"
						},
						"0.8333": {
							"post": [-2.49859, -2.40307, -13.26296],
							"lerp_mode": "catmullrom"
						},
						"1.0": {
							"post": [3.35971, -2.5976, -10.0157],
							"lerp_mode": "catmullrom"
						},
						"1.0833": {
							"post": [3.27, -2.71, -8.02],
							"lerp_mode": "catmullrom"
						},
						"1.5": {
							"post": [0.04407, -2.75546, -19.02939],
							"lerp_mode": "catmullrom"
						},
						"1.75": {
							"post": [3.29407, -2.75546, -19.02939],
							"lerp_mode": "catmullrom"
						},
						"1.9167": {
							"post": [0.79407, -2.75546, -19.02939],
							"lerp_mode": "catmullrom"
						},
						"2.0": {
							"post": [-3.70593, -2.75546, -19.02939],
							"lerp_mode": "catmullrom"
						},
						"2.0833": {
							"post": [-11.95593, -2.75546, -19.02939],
							"lerp_mode": "catmullrom"
						},
						"2.25": {
							"post": [-3.74163, -2.70675, -18.28012],
							"lerp_mode": "catmullrom"
						},
						"2.3333": {
							"post": [0.70541, -2.46584, -14.66405],
							"lerp_mode": "catmullrom"
						},
						"2.5": {
							"post": [-9.38885, -2.49044, -15.03399],
							"lerp_mode": "catmullrom"
						},
						"2.6667": {
							"post": [-3.7997, -2.62454, -17.03148],
							"lerp_mode": "catmullrom"
						},
						"2.75": {
							"post": [2.04796, -2.74503, -13.78014],
							"lerp_mode": "catmullrom"
						},
						"2.9167": {
							"post": [-1.01476, -2.07176, -2.49764],
							"lerp_mode": "catmullrom"
						},
						"3.5": {
							"post": [-0.70687, -2.19592, -10.75244],
							"lerp_mode": "catmullrom"
						},
						"3.6667": {
							"post": [0, 0, 5.75],
							"lerp_mode": "catmullrom"
						},
						"3.8333": {
							"post": [0, 0, 0],
							"lerp_mode": "catmullrom"
						},
						"3.9167": {
							"post": [0, 0, 0],
							"lerp_mode": "catmullrom"
						}
					},
					"position": {
						"0.0": {
							"post": [0, 0, 0],
							"lerp_mode": "catmullrom"
						},
						"0.1667": {
							"post": [-1.08637, 2.63593, 4.79367],
							"lerp_mode": "catmullrom"
						},
						"0.3333": {
							"post": [-0.9831, 1.97627, 4.59498],
							"lerp_mode": "catmullrom"
						},
						"0.5833": {
							"post": [-0.8387, 1.09052, 4.3791],
							"lerp_mode": "catmullrom"
						},
						"0.6667": {
							"post": [-0.86954, 1.22341, 4.62765],
							"lerp_mode": "catmullrom"
						},
						"0.75": {
							"post": [-0.8387, 1.09052, 4.3791],
							"lerp_mode": "catmullrom"
						},
						"0.8333": {
							"post": [-0.70531, 0.20114, 4.33781],
							"lerp_mode": "catmullrom"
						},
						"1.0": {
							"post": [-0.37591, -1.23384, 4.43],
							"lerp_mode": "catmullrom"
						},
						"1.0833": {
							"post": [-0.38, -1.23, 4.43],
							"lerp_mode": "catmullrom"
						},
						"1.25": {
							"post": [-0.38, -1.23, 4.43],
							"lerp_mode": "catmullrom"
						},
						"1.3333": {
							"post": [-0.4878, -0.44174, 4.43674],
							"lerp_mode": "catmullrom"
						},
						"1.5833": {
							"post": [-0.31884, -0.93632, 4.4404],
							"lerp_mode": "catmullrom"
						},
						"1.8333": {
							"post": [-0.31884, -0.93632, 4.4404],
							"lerp_mode": "catmullrom"
						},
						"2.0": {
							"post": [-0.43491, -0.61017, 4.4626],
							"lerp_mode": "catmullrom"
						},
						"2.0833": {
							"post": [-0.69272, 0.12728, 4.62554],
							"lerp_mode": "catmullrom"
						},
						"2.25": {
							"post": [-0.43491, -0.61017, 4.4626],
							"lerp_mode": "catmullrom"
						},
						"2.3333": {
							"post": [-0.2458, -1.30887, 4.458],
							"lerp_mode": "catmullrom"
						},
						"2.5": {
							"post": [-0.55315, -0.18223, 4.53594],
							"lerp_mode": "catmullrom"
						},
						"2.6667": {
							"post": [-0.54167, -0.15756, 4.2413],
							"lerp_mode": "catmullrom"
						},
						"2.75": {
							"post": [-0.377, -0.66963, 4.01007],
							"lerp_mode": "catmullrom"
						},
						"2.9167": {
							"post": [-0.40973, 0.11749, 2.84893],
							"lerp_mode": "catmullrom"
						},
						"3.5": {
							"post": [-0.41857, 0.11267, 3.09873],